{"cameraMode":{"drawMode":0,"name":"Shaded","section":"Shading Mode"},"sceneLighting":true,"audioPlay":false,"sceneViewState":{"m_AlwaysRefresh":false,"showFog":true,"showSkybox":true,"showFlares":true,"showImageEffects":true,"showParticleSystems":true,"showVisualEffectGraphs":true,"m_FxEnabled":true},"in2DMode":false,"pivot":{"x":10.430129051208496,"y":-10.912362098693848,"z":-0.029122352600097657},"rotation":{"x":-0.005167326889932156,"y":0.8621003031730652,"z":-0.5066370368003845,"w":-0.008792954497039318},"size":10.407719612121582,"orthographic":false}